Method,Pixel Acc,IoU,Dice,Precision,Recall
HSV,0.6792228221284319,0.4204674623072376,0.5920128034812997,0.4312138233292877,0.9440461974999814
Otsu,0.7333268665688852,0.4520969420947229,0.6226814877008835,0.47811322537662165,0.8925700803350075
KMeans Raw,0.8678586466315449,0.6049675268584624,0.7538688686650453,0.6969814766131595,0.8208678222905158
KMeans Morph,0.8678394271831094,0.6058031245982909,0.75451730703269,0.6959385194957042,0.8238638735090741
U-Net,0.9722559217353124,0.8912204639699532,0.942481832180632,0.9638652254762964,0.9220266300036843
