Method,Pixel Acc,IoU,Dice,Precision,Recall
HSV,0.6773369068287027,0.46737932326893666,0.6370259085125146,0.47096995965620597,0.9839497556869777
Otsu,0.7347794270833322,0.49694254509387403,0.6639433780843078,0.5224722931200139,0.9104748536854399
KMeans Raw,0.8743797887731468,0.6412766760343191,0.7814364091053593,0.7824751339862065,0.7804004383541658
KMeans Morph,0.8749628038194431,0.6432351226965918,0.7828887221458926,0.7823502742597458,0.7834279117095496
U-Net,0.9742731481481467,0.9136660609217797,0.9548855775617222,0.9637732405623587,0.9461603361271652
